case_name,model_name,collision,collocation,nh,Time,nb_iter,calc_time
corner,cinematic,2012,implicit_Euler,51,1.6816917117501575,198,13.498000144958496
corner,cinematic,2017,implicit_Euler,51,1.6817327672802944,60,0.5550000667572021
corner,cinematic,2017 penetration,implicit_Euler,51,1.6816943104020594,325,22.813999891281128
corner,cinematic,2023,implicit_Euler,51,6.779707491336036,91,1.488999843597412
corner,dynamic,2012,implicit_Euler,51,0.9662593231864899,80,1.2199997901916504
corner,dynamic,2017,implicit_Euler,51,0.966295688941525,39,0.36699986457824707
corner,dynamic,2017 penetration,implicit_Euler,51,0.9662599616586005,133,1.3409998416900635
corner,dynamic,2023,implicit_Euler,51,1.0087364007513548,171,2.7850000858306885
corner,cinematic,2012,Runge_Kutta,51,1.6964036842637438,372,11.8510000705719
corner,cinematic,2017,Runge_Kutta,51,1.6815642968751676,63,0.9589998722076416
corner,cinematic,2017 penetration,Runge_Kutta,51,1.6815214160946124,335,29.02999997138977
corner,cinematic,2023,Runge_Kutta,51,6.7613538701890965,59,1.1989998817443848
corner,dynamic,2012,Runge_Kutta,51,0.9652607714600453,95,2.3929998874664307
corner,dynamic,2017,Runge_Kutta,51,0.9652975823510408,38,0.6489999294281006
corner,dynamic,2017 penetration,Runge_Kutta,51,0.9652629754905321,156,2.947999954223633
corner,dynamic,2023,Runge_Kutta,51,1.012114347193522,202,5.669000148773193
corner,cinematic,2012,Crank_Nicolson,51,1.681691711750157,190,4.148999929428101
corner,cinematic,2017,Crank_Nicolson,51,1.6817327672802946,102,1.4219999313354492
corner,cinematic,2017 penetration,Crank_Nicolson,51,1.6816943104020592,296,18.171000003814697
corner,cinematic,2023,Crank_Nicolson,51,2.6142780451577377,61,1.1800000667572021
corner,dynamic,2012,Crank_Nicolson,51,0.9662593231864898,68,1.2599999904632568
corner,dynamic,2017,Crank_Nicolson,51,0.9662956889415246,39,0.505000114440918
corner,dynamic,2017 penetration,Crank_Nicolson,51,0.9662599616586002,157,1.937000036239624
corner,dynamic,2023,Crank_Nicolson,51,11.44099417971538,222,3.946000099182129
corner,cinematic,2012,RadauIIA-2,51,1.6816057667353963,177,3.4499998092651367
corner,cinematic,2017,RadauIIA-2,51,1.681648004630149,59,1.4760000705718994
corner,cinematic,2017 penetration,RadauIIA-2,51,1.6816084259420374,283,18.115000009536743
corner,cinematic,2023,RadauIIA-2,51,4.23739374119813,91,1.5970001220703125
corner,dynamic,2012,RadauIIA-2,51,0.9659389003811776,74,1.310999870300293
corner,dynamic,2017,RadauIIA-2,51,0.9659754113996636,49,0.5480000972747803
corner,dynamic,2017 penetration,RadauIIA-2,51,0.9659411043225248,156,2.134000062942505
corner,dynamic,2023,RadauIIA-2,51,1.0095399591492265,155,3.0859999656677246
corner,cinematic,2012,implicit_Euler,101,1.6802333251333008,130,3.928999900817871
corner,cinematic,2017,implicit_Euler,101,1.6802771803106784,162,2.8329999446868896
corner,cinematic,2017 penetration,implicit_Euler,101,1.6802398554150306,511,32.8989999294281
corner,cinematic,2023,implicit_Euler,101,11.289940714218007,113,3.8550000190734863
corner,dynamic,2012,implicit_Euler,101,0.968012324248245,782,30.502000093460083
corner,dynamic,2017,implicit_Euler,101,0.9680492215514486,96,1.7670001983642578
corner,dynamic,2017 penetration,implicit_Euler,101,0.9680136217182814,311,6.544000148773193
corner,dynamic,2023,implicit_Euler,101,1.0992036384334585,1000,35.84499979019165
corner,cinematic,2012,Runge_Kutta,101,1.7903528097702082,727,31.45799994468689
corner,cinematic,2017,Runge_Kutta,101,1.680285370353132,56,2.4159998893737793
corner,cinematic,2017 penetration,Runge_Kutta,101,1.6802451655870758,359,11.003000020980835
corner,cinematic,2023,Runge_Kutta,101,3.5842876306858167,74,3.305999994277954
corner,dynamic,2012,Runge_Kutta,101,0.9675127948255268,229,12.805000066757202
corner,dynamic,2017,Runge_Kutta,101,0.967550263318292,54,2.379000186920166
corner,dynamic,2017 penetration,Runge_Kutta,101,0.9675175714940651,306,12.914999961853027
corner,dynamic,2023,Runge_Kutta,101,1.0178204098558126,449,25.243000030517578
corner,cinematic,2012,Crank_Nicolson,101,1.6802337084162897,100,3.259000062942505
corner,cinematic,2017,Crank_Nicolson,101,1.6802771803106789,52,1.1319999694824219
corner,cinematic,2017 penetration,Crank_Nicolson,101,1.6802398554150302,480,18.66000008583069
corner,cinematic,2023,Crank_Nicolson,101,11.289940714218005,94,8.726999998092651
corner,dynamic,2012,Crank_Nicolson,101,0.9680123242482449,844,40.00600004196167
corner,dynamic,2017,Crank_Nicolson,101,0.9680492215492693,59,1.3960001468658447
corner,dynamic,2017 penetration,Crank_Nicolson,101,0.9680136217182814,324,7.613999843597412
corner,dynamic,2023,Crank_Nicolson,101,23.010441159586573,181,8.872000217437744
corner,cinematic,2012,RadauIIA-2,101,1.6802236796760528,109,3.8299999237060547
corner,cinematic,2017,RadauIIA-2,101,1.680267698018781,75,1.50600004196167
corner,cinematic,2017 penetration,RadauIIA-2,101,1.6802299927044595,491,13.155999898910522
corner,cinematic,2023,RadauIIA-2,101,1.7482344767441926,155,10.115999937057495
corner,dynamic,2012,RadauIIA-2,101,0.9678486780203056,200,10.053999900817871
corner,dynamic,2017,RadauIIA-2,101,0.9678853345174102,66,1.7730000019073486
corner,dynamic,2017 penetration,RadauIIA-2,101,0.96785314772129,300,17.477999925613403
corner,dynamic,2023,RadauIIA-2,101,1.0164706300741273,335,16.8030002117157
S-turn,cinematic,2012,implicit_Euler,51,5.3232429004735655,80,0.7790000438690186
S-turn,cinematic,2017,implicit_Euler,51,5.323447661752171,36,0.2390000820159912
S-turn,cinematic,2017 penetration,implicit_Euler,51,5.32324387782332,115,0.8640000820159912
S-turn,cinematic,2023,implicit_Euler,51,11.570379848739853,458,4.226999998092651
S-turn,dynamic,2012,implicit_Euler,51,2.822986367788078,73,0.7909998893737793
S-turn,dynamic,2017,implicit_Euler,51,2.823082284722565,63,0.4630000591278076
S-turn,dynamic,2017 penetration,implicit_Euler,51,11.402217677710134,173,1.2669999599456787
S-turn,dynamic,2023,implicit_Euler,51,11.747188899151796,166,1.7120001316070557
S-turn,cinematic,2012,Runge_Kutta,51,5.314500005192489,65,1.7719998359680176
S-turn,cinematic,2017,Runge_Kutta,51,5.314709441522096,36,0.7400000095367432
S-turn,cinematic,2017 penetration,Runge_Kutta,51,5.3145009036829185,141,2.072999954223633
S-turn,cinematic,2023,Runge_Kutta,51,5.419896566786901,58,0.8289999961853027
S-turn,dynamic,2012,Runge_Kutta,51,2.817314578158337,62,1.0419998168945312
S-turn,dynamic,2017,Runge_Kutta,51,2.8174101998586094,42,0.6940000057220459
S-turn,dynamic,2017 penetration,Runge_Kutta,51,11.40221776483415,166,3.1639997959136963
S-turn,dynamic,2023,Runge_Kutta,51,11.747188904166126,185,4.434000015258789
S-turn,cinematic,2012,Crank_Nicolson,51,5.323242900473566,79,0.9479999542236328
S-turn,cinematic,2017,Crank_Nicolson,51,5.323447661752172,80,0.5860002040863037
S-turn,cinematic,2017 penetration,Crank_Nicolson,51,5.323243877823297,110,0.9320001602172852
S-turn,cinematic,2023,Crank_Nicolson,51,5.427771076819112,206,2.4820001125335693
S-turn,dynamic,2012,Crank_Nicolson,51,2.822986367788078,71,0.9069998264312744
S-turn,dynamic,2017,Crank_Nicolson,51,2.8230822847225654,44,0.3789999485015869
S-turn,dynamic,2017 penetration,Crank_Nicolson,51,2.822989051228741,132,1.2760000228881836
S-turn,dynamic,2023,Crank_Nicolson,51,11.06422143325452,430,5.713000059127808
S-turn,cinematic,2012,RadauIIA-2,51,5.319032049096197,75,0.8469998836517334
S-turn,cinematic,2017,RadauIIA-2,51,5.319235862232581,34,0.25999999046325684
S-turn,cinematic,2017 penetration,RadauIIA-2,51,5.319035437738129,112,1.0160000324249268
S-turn,cinematic,2023,RadauIIA-2,51,31.99998859850823,163,2.0230000019073486
S-turn,dynamic,2012,RadauIIA-2,51,2.820828305000679,76,0.8929998874664307
S-turn,dynamic,2017,RadauIIA-2,51,2.820924174021597,52,0.5429999828338623
S-turn,dynamic,2017 penetration,RadauIIA-2,51,2.8208310089550004,121,1.2590000629425049
S-turn,dynamic,2023,RadauIIA-2,51,11.747188904166125,274,3.756999969482422
S-turn,cinematic,2012,implicit_Euler,101,5.279068736673594,651,14.664999961853027
S-turn,cinematic,2017,implicit_Euler,101,5.279276123496466,55,0.7799999713897705
S-turn,cinematic,2017 penetration,implicit_Euler,101,5.2790760893815065,203,3.450000047683716
S-turn,cinematic,2023,implicit_Euler,101,5.383495558205717,567,15.84500002861023
S-turn,dynamic,2012,implicit_Euler,101,2.837145888049482,72,1.5169999599456787
S-turn,dynamic,2017,implicit_Euler,101,2.8372408551945054,85,1.433000087738037
S-turn,dynamic,2017 penetration,implicit_Euler,101,2.837150724360337,194,3.2239999771118164
S-turn,dynamic,2023,implicit_Euler,101,22.371873305881763,491,17.306999921798706
S-turn,cinematic,2012,Runge_Kutta,101,54281.55609117039,1000,59.25800013542175
S-turn,cinematic,2017,Runge_Kutta,101,5.277042621362023,35,1.4519999027252197
S-turn,cinematic,2017 penetration,Runge_Kutta,101,5.276841626707354,168,5.1000001430511475
S-turn,cinematic,2023,Runge_Kutta,101,5.381326065203225,115,5.5980000495910645
S-turn,dynamic,2012,Runge_Kutta,101,22.804436968412297,556,39.325000047683716
S-turn,dynamic,2017,Runge_Kutta,101,2.8351747476519016,79,3.86899995803833
S-turn,dynamic,2017 penetration,Runge_Kutta,101,2.835085436307418,196,8.144000053405762
S-turn,dynamic,2023,Runge_Kutta,101,2.8829202625256807,346,15.21399998664856
S-turn,cinematic,2012,Crank_Nicolson,101,2783.8999027735126,1000,48.1029999256134
S-turn,cinematic,2017,Crank_Nicolson,101,5.279276123496466,37,0.877000093460083
S-turn,cinematic,2017 penetration,Crank_Nicolson,101,5.279076089381507,204,8.54099988937378
S-turn,cinematic,2023,Crank_Nicolson,101,5.383495558205716,200,7.492999792098999
S-turn,dynamic,2012,Crank_Nicolson,101,2.8371458880494815,165,6.8999998569488525
S-turn,dynamic,2017,Crank_Nicolson,101,2.837240855194503,58,1.9879999160766602
S-turn,dynamic,2017 penetration,Crank_Nicolson,101,2.8371507243603435,183,4.175999879837036
S-turn,dynamic,2023,Crank_Nicolson,101,23.49437775570823,272,9.555000066757202
S-turn,cinematic,2012,RadauIIA-2,101,5.278099521866103,102,2.1610000133514404
S-turn,cinematic,2017,RadauIIA-2,101,5.2783061682795065,37,0.5900001525878906
S-turn,cinematic,2017 penetration,RadauIIA-2,101,5.278101311206089,198,3.565999984741211
S-turn,cinematic,2023,RadauIIA-2,101,5.382429463415191,242,6.676000118255615
S-turn,dynamic,2012,RadauIIA-2,101,2.8364022094379306,190,8.5
S-turn,dynamic,2017,RadauIIA-2,101,2.8364971658748814,69,1.9089999198913574
S-turn,dynamic,2017 penetration,RadauIIA-2,101,2.836407095038231,236,6.261000156402588
S-turn,dynamic,2023,RadauIIA-2,101,5.835710067143184,313,10.15499997138977
parking,cinematic,2012,implicit_Euler,51,3.9921813550592997,1000,36.293999910354614
parking,cinematic,2017,implicit_Euler,51,3.9949084552585656,290,8.049000024795532
parking,cinematic,2017 penetration,implicit_Euler,51,2.7926950898164153,166,1.808000087738037
parking,cinematic,2023,implicit_Euler,51,3.9958124475234307,153,2.930999994277954
parking,dynamic,2012,implicit_Euler,51,1.0817181815502812,203,9.962000131607056
parking,dynamic,2017,implicit_Euler,51,3.9967899315429034,1000,13.516999959945679
parking,dynamic,2017 penetration,implicit_Euler,51,2.917404387991195,273,3.0340001583099365
parking,dynamic,2023,implicit_Euler,51,3.9999859996976697,357,9.571000099182129
parking,cinematic,2012,Runge_Kutta,51,4.0026648859581755,1000,37.17799997329712
parking,cinematic,2017,Runge_Kutta,51,3.99029381350358,162,25.941999912261963
parking,cinematic,2017 penetration,Runge_Kutta,51,4.000000039818103,122,2.197000026702881
parking,cinematic,2023,Runge_Kutta,51,3.9998828544601053,360,23.257999897003174
parking,dynamic,2012,Runge_Kutta,51,1.0868414072844395,732,26.473000049591064
parking,dynamic,2017,Runge_Kutta,51,3.995821479392157,1000,26.730000019073486
parking,dynamic,2017 penetration,Runge_Kutta,51,1.0868420086561836,295,8.003000020980835
parking,dynamic,2023,Runge_Kutta,51,3.9999977786836087,259,10.622999906539917
parking,cinematic,2012,Crank_Nicolson,51,3.987798892916877,1000,40.96799993515015
parking,cinematic,2017,Crank_Nicolson,51,3.988926972636205,123,10.583000183105469
parking,cinematic,2017 penetration,Crank_Nicolson,51,2.792695088963573,171,2.93999981880188
parking,cinematic,2023,Crank_Nicolson,51,3.9999963606341105,201,6.417999982833862
parking,dynamic,2012,Crank_Nicolson,51,3.9954034054205145,1000,28.874000072479248
parking,dynamic,2017,Crank_Nicolson,51,3.9915213269723586,1000,16.639999866485596
parking,dynamic,2017 penetration,Crank_Nicolson,51,2.557184910309917,337,4.614000082015991
parking,dynamic,2023,Crank_Nicolson,51,3.999982100269073,291,7.743000030517578
parking,cinematic,2012,RadauIIA-2,51,4.5414257621423495,1000,30.437000036239624
parking,cinematic,2017,RadauIIA-2,51,3.989350221489152,170,4.681999921798706
parking,cinematic,2017 penetration,RadauIIA-2,51,4.0000000398257605,166,3.062999963760376
parking,cinematic,2023,RadauIIA-2,51,3.9953194972646675,233,4.801000118255615
parking,dynamic,2012,RadauIIA-2,51,1.084875905788303,336,7.239999771118164
parking,dynamic,2017,RadauIIA-2,51,3.9985972622672366,1000,37.0
parking,dynamic,2017 penetration,RadauIIA-2,51,1.0848783453070763,295,6.565000057220459
parking,dynamic,2023,RadauIIA-2,51,3.999993508458924,249,8.206000089645386
parking,cinematic,2012,implicit_Euler,101,4.004816193251957,1000,41.75
parking,cinematic,2017,implicit_Euler,101,3.9918815100205927,156,7.692000150680542
parking,cinematic,2017 penetration,implicit_Euler,101,1.3495643386258964,304,5.978000164031982
parking,cinematic,2023,implicit_Euler,101,3.997589311015267,294,14.029000043869019
parking,dynamic,2012,implicit_Euler,101,4.002301586198434,1000,53.60699987411499
parking,dynamic,2017,implicit_Euler,101,3.995830821469016,1000,27.231000185012817
parking,dynamic,2017 penetration,implicit_Euler,101,1.0945864957998819,409,7.789000034332275
parking,dynamic,2023,implicit_Euler,101,3.9991567671689716,317,16.532000064849854
parking,cinematic,2012,Runge_Kutta,101,3.9982986517109746,1000,69.31299996376038
parking,cinematic,2017,Runge_Kutta,101,3.997464438706688,173,45.88699984550476
parking,cinematic,2017 penetration,Runge_Kutta,101,1.352759949233831,251,7.55400013923645
parking,cinematic,2023,Runge_Kutta,101,3.999989446361126,308,177.41299986839294
parking,dynamic,2012,Runge_Kutta,101,1.0983282538897323,299,15.003000020980835
parking,dynamic,2017,Runge_Kutta,101,3.9993864384016624,1000,42.342000007629395
parking,dynamic,2017 penetration,Runge_Kutta,101,1.0983328253463256,399,12.891999959945679
parking,dynamic,2023,Runge_Kutta,101,3.9999999997917817,242,13.914000034332275
parking,cinematic,2012,Crank_Nicolson,101,3.9957465594473334,1000,40.526999950408936
parking,cinematic,2017,Crank_Nicolson,101,3.993537040495105,280,84.91400003433228
parking,cinematic,2017 penetration,Crank_Nicolson,101,1.3495695640226073,308,5.813999891281128
parking,cinematic,2023,Crank_Nicolson,101,3.9999772559921287,410,13.835999965667725
parking,dynamic,2012,Crank_Nicolson,101,4.199993615618822,1000,37.157999992370605
parking,dynamic,2017,Crank_Nicolson,101,3.999058303751211,1000,27.605000019073486
parking,dynamic,2017 penetration,Crank_Nicolson,101,1.0945864957998819,428,8.675000190734863
parking,dynamic,2023,Crank_Nicolson,101,4.000000015039959,362,15.464999914169312
parking,cinematic,2012,RadauIIA-2,101,3.9981947435157688,1000,37.75399994850159
parking,cinematic,2017,RadauIIA-2,101,3.9955060164499967,453,79.94900012016296
parking,cinematic,2017 penetration,RadauIIA-2,101,1.3506545938002261,306,6.664000034332275
parking,cinematic,2023,RadauIIA-2,101,4.000000039777905,276,9.566999912261963
parking,dynamic,2012,RadauIIA-2,101,3.9999881535537813,1000,49.069000005722046
parking,dynamic,2017,RadauIIA-2,101,1.0968683789119114,1000,24.29199981689453
parking,dynamic,2017 penetration,RadauIIA-2,101,1.0957528711771247,433,9.207000017166138
parking,dynamic,2023,RadauIIA-2,101,4.000000039758384,353,14.64299988746643
poly-field-3,cinematic,2012,implicit_Euler,51,6.097682676305585,635,30.996000051498413
poly-field-3,cinematic,2017,implicit_Euler,51,7.622210847931063,184,4.4150002002716064
poly-field-3,cinematic,2017 penetration,implicit_Euler,51,9347.775647161538,1000,25.328999996185303
poly-field-3,cinematic,2023,implicit_Euler,51,6.109390516647113,143,4.5920000076293945
poly-field-3,dynamic,2012,implicit_Euler,51,6844.620126624384,1000,48.49799990653992
poly-field-3,dynamic,2017,implicit_Euler,51,3.325502442969402,112,2.4519999027252197
poly-field-3,dynamic,2017 penetration,implicit_Euler,51,3.8840737867431763,208,4.927000045776367
poly-field-3,dynamic,2023,implicit_Euler,51,3.1049597862740317,100,3.051999807357788
poly-field-3,cinematic,2012,Runge_Kutta,51,6.09670315139563,94,3.447000026702881
poly-field-3,cinematic,2017,Runge_Kutta,51,7.0639931887541545,142,4.796999931335449
poly-field-3,cinematic,2017 penetration,Runge_Kutta,51,7.405566919884605,248,7.2829999923706055
poly-field-3,cinematic,2023,Runge_Kutta,51,6.1082251038517095,293,12.174000024795532
poly-field-3,dynamic,2012,Runge_Kutta,51,182.50239964123,1000,53.92799997329712
poly-field-3,dynamic,2017,Runge_Kutta,51,3.3246269736329093,322,11.269999980926514
poly-field-3,dynamic,2017 penetration,Runge_Kutta,51,4.700876894193249,217,7.059999942779541
poly-field-3,dynamic,2023,Runge_Kutta,51,3.104353245604208,374,15.228000164031982
poly-field-3,cinematic,2012,Crank_Nicolson,51,6.097682675498401,175,7.2799999713897705
poly-field-3,cinematic,2017,Crank_Nicolson,51,7.465830410845311,173,4.751999855041504
poly-field-3,cinematic,2017 penetration,Crank_Nicolson,51,6.097685236570041,157,4.289000034332275
poly-field-3,cinematic,2023,Crank_Nicolson,51,6.1093905166469,723,25.585999965667725
poly-field-3,dynamic,2012,Crank_Nicolson,51,3.0959825968449772,631,25.055999994277954
poly-field-3,dynamic,2017,Crank_Nicolson,51,3.325502442969402,215,6.645999908447266
poly-field-3,dynamic,2017 penetration,Crank_Nicolson,51,3.9061227761272597,251,6.927999973297119
poly-field-3,dynamic,2023,Crank_Nicolson,51,3.104959786271898,174,5.837000131607056
poly-field-3,cinematic,2012,RadauIIA-2,51,6.097384363163211,88,3.385999917984009
poly-field-3,cinematic,2017,RadauIIA-2,51,8.720893407138089,195,5.996999979019165
poly-field-3,cinematic,2017 penetration,RadauIIA-2,51,6.0973869759325,159,4.422999858856201
poly-field-3,cinematic,2023,RadauIIA-2,51,6.10904994919152,92,3.2200000286102295
poly-field-3,dynamic,2012,RadauIIA-2,51,3.0958160862105166,840,43.45900011062622
poly-field-3,dynamic,2017,RadauIIA-2,51,3.325193374078837,120,3.575000047683716
poly-field-3,dynamic,2017 penetration,RadauIIA-2,51,5.090165074584085,271,6.631999969482422
poly-field-3,dynamic,2023,RadauIIA-2,51,3.1047786661108123,55,2.0220000743865967
poly-field-3,cinematic,2012,implicit_Euler,101,87.95731600107132,1000,87.45600008964539
poly-field-3,cinematic,2017,implicit_Euler,101,7.007489177083269,290,13.048999786376953
poly-field-3,cinematic,2017 penetration,implicit_Euler,101,6.0338560878194505,190,8.919999837875366
poly-field-3,cinematic,2023,implicit_Euler,101,6.044862364628004,209,12.85099983215332
poly-field-3,dynamic,2012,implicit_Euler,101,3.5377783497731583,430,39.09100008010864
poly-field-3,dynamic,2017,implicit_Euler,101,4.20442033767375,148,6.825999975204468
poly-field-3,dynamic,2017 penetration,implicit_Euler,101,3.9317586830440168,392,27.38100004196167
poly-field-3,dynamic,2023,implicit_Euler,101,3.1232424061774653,275,22.045000076293945
poly-field-3,cinematic,2012,Runge_Kutta,101,1389.8457387838969,1000,94.20900011062622
poly-field-3,cinematic,2017,Runge_Kutta,101,7.3172664447923905,291,17.497999906539917
poly-field-3,cinematic,2017 penetration,Runge_Kutta,101,8.698788836543045,304,15.966000080108643
poly-field-3,cinematic,2023,Runge_Kutta,101,6.0441502604929935,177,13.538999795913696
poly-field-3,dynamic,2012,Runge_Kutta,101,12.100237666125146,1000,84.68999981880188
poly-field-3,dynamic,2017,Runge_Kutta,101,4.231210566601671,346,23.417999982833862
poly-field-3,dynamic,2017 penetration,Runge_Kutta,101,4.741706284570076,469,28.007999897003174
poly-field-3,dynamic,2023,Runge_Kutta,101,3.122917027108114,134,10.953999996185303
poly-field-3,cinematic,2012,Crank_Nicolson,101,6.036304793084911,477,33.74399995803833
poly-field-3,cinematic,2017,Crank_Nicolson,101,7.007489177083286,308,14.490000009536743
poly-field-3,cinematic,2017 penetration,Crank_Nicolson,101,6.033856087819449,265,13.90499997138977
poly-field-3,cinematic,2023,Crank_Nicolson,101,6.044862364695721,525,35.508999824523926
poly-field-3,dynamic,2012,Crank_Nicolson,101,3.114226535236264,369,27.430000066757202
poly-field-3,dynamic,2017,Crank_Nicolson,101,3.3436116404589282,237,11.71399998664856
poly-field-3,dynamic,2017 penetration,Crank_Nicolson,101,3.934540966887235,383,19.500999927520752
poly-field-3,dynamic,2023,Crank_Nicolson,101,3.1232424061806805,101,8.263000011444092
poly-field-3,cinematic,2012,RadauIIA-2,101,7.0775787693147505,1000,83.98499989509583
poly-field-3,cinematic,2017,RadauIIA-2,101,7.018858649162548,407,22.736999988555908
poly-field-3,cinematic,2017 penetration,RadauIIA-2,101,6.033660729762511,257,11.485000133514404
poly-field-3,cinematic,2023,RadauIIA-2,101,6.044633825649086,243,16.200000047683716
poly-field-3,dynamic,2012,RadauIIA-2,101,3.1141344533599558,563,44.94500017166138
poly-field-3,dynamic,2017,RadauIIA-2,101,3.343523883862127,209,14.71399998664856
poly-field-3,dynamic,2017 penetration,RadauIIA-2,101,985.2460719755533,1000,55.4760000705719
poly-field-3,dynamic,2023,RadauIIA-2,101,3.123140886580971,83,6.355000019073486
poly-field-5,cinematic,2012,implicit_Euler,51,7.262125957902755,1000,38.44999980926514
poly-field-5,cinematic,2017,implicit_Euler,51,8.346924655600445,112,3.9739999771118164
poly-field-5,cinematic,2017 penetration,implicit_Euler,51,8.53245582530369,230,25.694000005722046
poly-field-5,cinematic,2023,implicit_Euler,51,6.3079056516879115,177,7.121000051498413
poly-field-5,dynamic,2012,implicit_Euler,51,3.2214762222368893,378,16.49400019645691
poly-field-5,dynamic,2017,implicit_Euler,51,4.073561845050298,231,7.23199987411499
poly-field-5,dynamic,2017 penetration,implicit_Euler,51,3.6087931158099957,384,11.825999975204468
poly-field-5,dynamic,2023,implicit_Euler,51,3.2410402452074125,407,17.2260000705719
poly-field-5,cinematic,2012,Runge_Kutta,51,6.275508564255903,73,4.008000135421753
poly-field-5,cinematic,2017,Runge_Kutta,51,6.275568082932669,89,3.9529998302459717
poly-field-5,cinematic,2017 penetration,Runge_Kutta,51,6.263382744900048,254,11.180999994277954
poly-field-5,cinematic,2023,Runge_Kutta,51,6.306209622675089,69,4.142000198364258
poly-field-5,dynamic,2012,Runge_Kutta,51,3.2212911189973186,76,4.661999940872192
poly-field-5,dynamic,2017,Runge_Kutta,51,3.2213295618351796,216,9.200000047683716
poly-field-5,dynamic,2017 penetration,Runge_Kutta,51,3.203996870569074,315,16.384999990463257
poly-field-5,dynamic,2023,Runge_Kutta,51,3.2409038108143213,52,3.075000047683716
poly-field-5,cinematic,2012,Crank_Nicolson,51,6.276462177331787,87,3.8259999752044678
poly-field-5,cinematic,2017,Crank_Nicolson,51,6.558919814129823,237,10.34000015258789
poly-field-5,cinematic,2017 penetration,Crank_Nicolson,51,6.263609625862401,237,7.775000095367432
poly-field-5,cinematic,2023,Crank_Nicolson,51,6.307905651687911,308,30.342000007629395
poly-field-5,dynamic,2012,Crank_Nicolson,51,3.22147622223689,372,19.82800006866455
poly-field-5,dynamic,2017,Crank_Nicolson,51,3.7497456753785854,258,11.926999807357788
poly-field-5,dynamic,2017 penetration,Crank_Nicolson,51,156.81823089429915,1000,62.21600008010864
poly-field-5,dynamic,2023,Crank_Nicolson,51,3.241040245207411,433,21.758999824523926
poly-field-5,cinematic,2012,RadauIIA-2,51,6.275879802936801,147,36.72000002861023
poly-field-5,cinematic,2017,RadauIIA-2,51,6.556586025364087,180,6.273000001907349
poly-field-5,cinematic,2017 penetration,RadauIIA-2,51,8.119222643209685,269,12.015000104904175
poly-field-5,cinematic,2023,RadauIIA-2,51,6.949938185008967,562,26.567000150680542
poly-field-5,dynamic,2012,RadauIIA-2,51,3.2214206302090984,341,20.346999883651733
poly-field-5,dynamic,2017,RadauIIA-2,51,3.7508086265799765,208,8.58899998664856
poly-field-5,dynamic,2017 penetration,RadauIIA-2,51,4.8845778195623355,287,32.07299995422363
poly-field-5,dynamic,2023,RadauIIA-2,51,3.241002558881391,189,11.639000177383423
poly-field-5,cinematic,2012,implicit_Euler,101,6.208492169428554,98,11.491999864578247
poly-field-5,cinematic,2017,implicit_Euler,101,7.836825932979328,323,22.932999849319458
poly-field-5,cinematic,2017 penetration,implicit_Euler,101,6.196827732405911,370,21.92799997329712
poly-field-5,cinematic,2023,implicit_Euler,101,6.238708621105847,98,7.444999933242798
poly-field-5,dynamic,2012,implicit_Euler,101,3.244293961794934,105,7.696000099182129
poly-field-5,dynamic,2017,implicit_Euler,101,4.094865881937433,105,5.8349997997283936
poly-field-5,dynamic,2017 penetration,implicit_Euler,101,4.483499753074321,193,10.782000064849854
poly-field-5,dynamic,2023,implicit_Euler,101,3.264261808272135,54,4.809000015258789
poly-field-5,cinematic,2012,Runge_Kutta,101,9.146672474417503,1000,169.90400004386902
poly-field-5,cinematic,2017,Runge_Kutta,101,6.861867992413037,393,46.32299995422363
poly-field-5,cinematic,2017 penetration,Runge_Kutta,101,6.208069194881341,343,22.27999997138977
poly-field-5,cinematic,2023,Runge_Kutta,101,6.238196897556226,84,7.006999969482422
poly-field-5,dynamic,2012,Runge_Kutta,101,3.244364974141898,913,92.46599984169006
poly-field-5,dynamic,2017,Runge_Kutta,101,3.244404057871829,373,35.438000202178955
poly-field-5,dynamic,2017 penetration,Runge_Kutta,101,5.227370968510143,428,31.164999961853027
poly-field-5,dynamic,2023,Runge_Kutta,101,3.264324947117384,129,12.348999977111816
poly-field-5,cinematic,2012,Crank_Nicolson,101,6.208492522818607,109,8.858999967575073
poly-field-5,cinematic,2017,Crank_Nicolson,101,8.181555742949259,202,11.729000091552734
poly-field-5,cinematic,2017 penetration,Crank_Nicolson,101,6.19682773240591,501,27.624000072479248
poly-field-5,cinematic,2023,Crank_Nicolson,101,6.238708621105847,93,6.398999929428101
poly-field-5,dynamic,2012,Crank_Nicolson,101,3.2442939617949333,95,14.872000217437744
poly-field-5,dynamic,2017,Crank_Nicolson,101,4.094865881937433,310,18.87000012397766
poly-field-5,dynamic,2017 penetration,Crank_Nicolson,101,3.406492118668053,430,28.628000020980835
poly-field-5,dynamic,2023,Crank_Nicolson,101,3.2642618081585204,131,11.459999799728394
poly-field-5,cinematic,2012,RadauIIA-2,101,6.208299116598937,106,8.009999990463257
poly-field-5,cinematic,2017,RadauIIA-2,101,8.143180028322456,298,18.247999906539917
poly-field-5,cinematic,2017 penetration,RadauIIA-2,101,6.196752114202702,360,21.378999948501587
poly-field-5,cinematic,2023,RadauIIA-2,101,6.8850216259666155,992,67.72399997711182
poly-field-5,dynamic,2012,RadauIIA-2,101,13.511842390111656,1000,80.92300009727478
poly-field-5,dynamic,2017,RadauIIA-2,101,3.770826163459123,242,14.628000020980835
poly-field-5,dynamic,2017 penetration,RadauIIA-2,101,3.6984546677677317,296,16.948999881744385
poly-field-5,dynamic,2023,RadauIIA-2,101,3.2642959442003985,49,4.727999925613403
poly-field-7,cinematic,2012,implicit_Euler,51,6.152295248052216,100,3.9149999618530273
poly-field-7,cinematic,2017,implicit_Euler,51,6.9815574455485,258,9.010999917984009
poly-field-7,cinematic,2017 penetration,implicit_Euler,51,9.449695582701908,247,12.930000066757202
poly-field-7,cinematic,2023,implicit_Euler,51,6.184648201940309,91,4.53600001335144
poly-field-7,dynamic,2012,implicit_Euler,51,3.4689883427689736,140,7.3450000286102295
poly-field-7,dynamic,2017,implicit_Euler,51,3.1509382500555896,230,8.608000040054321
poly-field-7,dynamic,2017 penetration,implicit_Euler,51,5.5998368508282494,589,17.909000158309937
poly-field-7,dynamic,2023,implicit_Euler,51,3.1777368130159562,86,4.023000001907349
poly-field-7,cinematic,2012,Runge_Kutta,51,6.152263568167247,161,6.489000082015991
poly-field-7,cinematic,2017,Runge_Kutta,51,7.0021473421091915,154,5.210000038146973
poly-field-7,cinematic,2017 penetration,Runge_Kutta,51,7.577111685214584,231,8.443000078201294
poly-field-7,cinematic,2023,Runge_Kutta,51,6.183939415072011,100,4.670000076293945
poly-field-7,dynamic,2012,Runge_Kutta,51,3.1511125669668423,268,21.564000129699707
poly-field-7,dynamic,2017,Runge_Kutta,51,3.151161125598155,214,8.594000101089478
poly-field-7,dynamic,2017 penetration,Runge_Kutta,51,4.8154579376148074,276,9.88100004196167
poly-field-7,dynamic,2023,Runge_Kutta,51,3.1773542081324986,82,4.256999969482422
poly-field-7,cinematic,2012,Crank_Nicolson,51,7.049138457546438,227,11.59500002861023
poly-field-7,cinematic,2017,Crank_Nicolson,51,6.981557445548499,155,5.434000015258789
poly-field-7,cinematic,2017 penetration,Crank_Nicolson,51,6.152297607956567,254,8.748999834060669
poly-field-7,cinematic,2023,Crank_Nicolson,51,6.18464820185557,86,5.200999975204468
poly-field-7,dynamic,2012,Crank_Nicolson,51,3.1508871002020156,236,13.345999956130981
poly-field-7,dynamic,2017,Crank_Nicolson,51,3.15093825005559,304,14.940999984741211
poly-field-7,dynamic,2017 penetration,Crank_Nicolson,51,4.955593508217131,243,9.151999950408936
poly-field-7,dynamic,2023,Crank_Nicolson,51,3.177736813016088,77,3.7809998989105225
poly-field-7,cinematic,2012,RadauIIA-2,51,6.151560255441071,150,6.238999843597412
poly-field-7,cinematic,2017,RadauIIA-2,51,7.247799305252038,185,5.351999998092651
poly-field-7,cinematic,2017 penetration,RadauIIA-2,51,7.559447025495463,261,6.499000072479248
poly-field-7,cinematic,2023,RadauIIA-2,51,6.183821171072301,90,3.2160000801086426
poly-field-7,dynamic,2012,RadauIIA-2,51,3.1509291691946033,313,17.04100012779236
poly-field-7,dynamic,2017,RadauIIA-2,51,4.44156472698567,301,8.220999956130981
poly-field-7,dynamic,2017 penetration,RadauIIA-2,51,3.81456333892636,449,14.141000032424927
poly-field-7,dynamic,2023,RadauIIA-2,51,3.177560727614039,76,3.1649999618530273
poly-field-7,cinematic,2012,implicit_Euler,101,13.05261998149875,1000,96.72300004959106
poly-field-7,cinematic,2017,implicit_Euler,101,6.087231908200741,327,16.70899987220764
poly-field-7,cinematic,2017 penetration,implicit_Euler,101,12.064025542252972,293,16.450000047683716
poly-field-7,cinematic,2023,implicit_Euler,101,6.11795146511377,99,8.127000093460083
poly-field-7,dynamic,2012,implicit_Euler,101,4.504636179565899,1000,93.78900003433228
poly-field-7,dynamic,2017,implicit_Euler,101,3.1723994662479873,529,34.30200004577637
poly-field-7,dynamic,2017 penetration,implicit_Euler,101,3.8310148253631464,910,76.99900007247925
poly-field-7,dynamic,2023,implicit_Euler,101,3.19925811109084,65,6.340000152587891
poly-field-7,cinematic,2012,Runge_Kutta,101,6.086732956294251,468,49.347999811172485
poly-field-7,cinematic,2017,Runge_Kutta,101,6.916349599555717,303,22.0
poly-field-7,cinematic,2017 penetration,Runge_Kutta,101,6.0867379029851385,555,42.06699991226196
poly-field-7,cinematic,2023,Runge_Kutta,101,6.117287593451406,92,10.19700002670288
poly-field-7,dynamic,2012,Runge_Kutta,101,3.166201026437198,1000,124.72500014305115
poly-field-7,dynamic,2017,Runge_Kutta,101,3.172344903495656,401,26.759999990463257
poly-field-7,dynamic,2017 penetration,Runge_Kutta,101,3.1722984837644033,859,55.19599986076355
poly-field-7,dynamic,2023,Runge_Kutta,101,3.1989126490571094,104,10.448000192642212
poly-field-7,cinematic,2012,Crank_Nicolson,101,37.54036751992466,1000,104.73399996757507
poly-field-7,cinematic,2017,Crank_Nicolson,101,6.979806634500494,370,27.655999898910522
poly-field-7,cinematic,2017 penetration,Crank_Nicolson,101,6.087178328505126,576,35.33299994468689
poly-field-7,cinematic,2023,Crank_Nicolson,101,6.1179514651137765,95,10.243000030517578
poly-field-7,dynamic,2012,Crank_Nicolson,101,3.172348065285288,391,102.76999998092651
poly-field-7,dynamic,2017,Crank_Nicolson,101,3.1723994662479873,528,39.02500009536743
poly-field-7,dynamic,2017 penetration,Crank_Nicolson,101,3.172352688455453,747,49.49000000953674
poly-field-7,dynamic,2023,Crank_Nicolson,101,3.1992581110907765,123,14.624000072479248
poly-field-7,cinematic,2012,RadauIIA-2,101,10.870120219637323,1000,124.44800019264221
poly-field-7,cinematic,2017,RadauIIA-2,101,6.952574408017341,331,22.0239999294281
poly-field-7,cinematic,2017 penetration,RadauIIA-2,101,6.087041852124918,563,35.61500000953674
poly-field-7,cinematic,2023,RadauIIA-2,101,6.117679451108721,102,10.336999893188477
poly-field-7,dynamic,2012,RadauIIA-2,101,3.1989298007079636,1000,108.27400016784668
poly-field-7,dynamic,2017,RadauIIA-2,101,3.8492325396882614,386,32.884000062942505
poly-field-7,dynamic,2017 penetration,RadauIIA-2,101,3.1723412316869593,867,69.87200021743774
poly-field-7,dynamic,2023,RadauIIA-2,101,3.199158694185553,75,13.460000038146973
poly-field-11,cinematic,2012,implicit_Euler,51,6.2789535449517695,99,8.249000072479248
poly-field-11,cinematic,2017,implicit_Euler,51,11.940402542153254,208,97.87400007247925
poly-field-11,cinematic,2017 penetration,implicit_Euler,51,8.960650406598845,218,8.555000066757202
poly-field-11,cinematic,2023,implicit_Euler,51,7.067836262762936,92,4.5950000286102295
poly-field-11,dynamic,2012,implicit_Euler,51,3.2095085745802465,162,7.832000017166138
poly-field-11,dynamic,2017,implicit_Euler,51,3.8893214600517356,195,5.93999981880188
poly-field-11,dynamic,2017 penetration,implicit_Euler,51,5.0571711010904625,239,8.277999877929688
poly-field-11,dynamic,2023,implicit_Euler,51,3.2435690534776955,423,20.894999980926514
poly-field-11,cinematic,2012,Runge_Kutta,51,9.048242784723753,1000,70.26099991798401
poly-field-11,cinematic,2017,Runge_Kutta,51,8.106813775766556,241,8.634000062942505
poly-field-11,cinematic,2017 penetration,Runge_Kutta,51,8.951675027747292,228,9.359999895095825
poly-field-11,cinematic,2023,Runge_Kutta,51,6.746919591584112,109,5.881999969482422
poly-field-11,dynamic,2012,Runge_Kutta,51,3.9740605715744444,1000,78.17700004577637
poly-field-11,dynamic,2017,Runge_Kutta,51,4.379328301152715,253,12.944999933242798
poly-field-11,dynamic,2017 penetration,Runge_Kutta,51,4.641222138409531,269,13.00600004196167
poly-field-11,dynamic,2023,Runge_Kutta,51,3.2439627197348204,313,18.32200002670288
poly-field-11,cinematic,2012,Crank_Nicolson,51,6.278953544951572,250,14.683000087738037
poly-field-11,cinematic,2017,Crank_Nicolson,51,10.339896655486037,194,5.313999891281128
poly-field-11,cinematic,2017 penetration,Crank_Nicolson,51,8.955876469965547,213,5.202000141143799
poly-field-11,cinematic,2023,Crank_Nicolson,51,6.816643924983208,106,3.7360000610351562
poly-field-11,dynamic,2012,Crank_Nicolson,51,3.5154381920793956,153,5.414999961853027
poly-field-11,dynamic,2017,Crank_Nicolson,51,3.286399496140163,203,4.776000022888184
poly-field-11,dynamic,2017 penetration,Crank_Nicolson,51,5.028099891189751,367,7.881999969482422
poly-field-11,dynamic,2023,Crank_Nicolson,51,3.243569053477696,270,17.57699990272522
poly-field-11,cinematic,2012,RadauIIA-2,51,6.2787968312306175,98,2.2929999828338623
poly-field-11,cinematic,2017,RadauIIA-2,51,10.395909371966656,244,5.0259997844696045
poly-field-11,cinematic,2017 penetration,RadauIIA-2,51,5454.129164534002,1000,21.384000062942505
poly-field-11,cinematic,2023,RadauIIA-2,51,6.320555320085463,120,5.763000011444092
poly-field-11,dynamic,2012,RadauIIA-2,51,3.920976920988021,172,10.371999979019165
poly-field-11,dynamic,2017,RadauIIA-2,51,3.2863621267434096,249,15.444999933242798
poly-field-11,dynamic,2017 penetration,RadauIIA-2,51,5.0272361351463895,384,7.993000030517578
poly-field-11,dynamic,2023,RadauIIA-2,51,3.243736371898221,304,9.056999921798706
poly-field-11,cinematic,2012,implicit_Euler,101,6.2129312412685795,109,5.973999977111816
poly-field-11,cinematic,2017,implicit_Euler,101,8.542632621314125,365,22.252000093460083
poly-field-11,cinematic,2017 penetration,implicit_Euler,101,7.084353027094217,378,23.689000129699707
poly-field-11,cinematic,2023,implicit_Euler,101,6.2533941080748345,123,14.421000003814697
poly-field-11,dynamic,2012,implicit_Euler,101,35.08171111531286,1000,681.1619999408722
poly-field-11,dynamic,2017,implicit_Euler,101,4.461037147305786,354,40.503000020980835
poly-field-11,dynamic,2017 penetration,implicit_Euler,101,4.5790768956022925,735,68.87000012397766
poly-field-11,dynamic,2023,implicit_Euler,101,3.2659585446300006,326,31.733999967575073
poly-field-11,cinematic,2012,Runge_Kutta,101,8.18789801013053,1000,144.01600003242493
poly-field-11,cinematic,2017,Runge_Kutta,101,7.083649892154874,309,26.609000205993652
poly-field-11,cinematic,2017 penetration,Runge_Kutta,101,7.3708807168774415,399,25.8989999294281
poly-field-11,cinematic,2023,Runge_Kutta,101,6.253744127310082,92,7.840000152587891
poly-field-11,dynamic,2012,Runge_Kutta,101,3.2315282452901912,334,36.79299998283386
poly-field-11,dynamic,2017,Runge_Kutta,101,5.099814505776669,260,19.438999891281128
poly-field-11,dynamic,2017 penetration,Runge_Kutta,101,4.228880291888967,725,49.47500014305115
poly-field-11,dynamic,2023,Runge_Kutta,101,3.266283890290339,69,6.884000062942505
poly-field-11,cinematic,2012,Crank_Nicolson,101,6.2129312412685795,189,17.346999883651733
poly-field-11,cinematic,2017,Crank_Nicolson,101,7.371014925699576,373,22.66000008583069
poly-field-11,cinematic,2017 penetration,Crank_Nicolson,101,7.084353027074766,505,29.490000009536743
poly-field-11,cinematic,2023,Crank_Nicolson,101,6.253394108074835,121,11.344000101089478
poly-field-11,dynamic,2012,Crank_Nicolson,101,3.532663977571024,500,62.80200004577637
poly-field-11,dynamic,2017,Crank_Nicolson,101,4.45835786901191,432,28.45299983024597
poly-field-11,dynamic,2017 penetration,Crank_Nicolson,101,5.1012365896235305,541,37.723999977111816
poly-field-11,dynamic,2023,Crank_Nicolson,101,3.2659585446280435,281,23.44099998474121
poly-field-11,cinematic,2012,RadauIIA-2,101,6.212807935177039,115,8.60700011253357
poly-field-11,cinematic,2017,RadauIIA-2,101,7.369821631330683,310,19.793999910354614
poly-field-11,cinematic,2017 penetration,RadauIIA-2,101,7.084186262865386,379,23.06599998474121
poly-field-11,cinematic,2023,RadauIIA-2,101,6.253300603865134,92,7.827999830245972
poly-field-11,dynamic,2012,RadauIIA-2,101,3.6676468982877943,1000,91.0550000667572
poly-field-11,dynamic,2017,RadauIIA-2,101,4.4606076499083525,348,32.2260000705719
poly-field-11,dynamic,2017 penetration,RadauIIA-2,101,5.110642270411658,523,32.88600015640259
poly-field-11,dynamic,2023,RadauIIA-2,101,3.2661004048456705,91,8.342000007629395
poly-field-14,cinematic,2012,implicit_Euler,51,6.490821912005201,124,5.391000032424927
poly-field-14,cinematic,2017,implicit_Euler,51,8.134720351209559,185,5.264000177383423
poly-field-14,cinematic,2017 penetration,implicit_Euler,51,9.919015461438482,271,8.23799991607666
poly-field-14,cinematic,2023,implicit_Euler,51,6.549794984887552,433,17.891000032424927
poly-field-14,dynamic,2012,implicit_Euler,51,3.3681816246255636,988,75.32099986076355
poly-field-14,dynamic,2017,implicit_Euler,51,4.649832918455077,223,7.508000135421753
poly-field-14,dynamic,2017 penetration,implicit_Euler,51,4.649788454026549,208,7.245000123977661
poly-field-14,dynamic,2023,implicit_Euler,51,3.4032402410116127,66,2.9140000343322754
poly-field-14,cinematic,2012,Runge_Kutta,51,6.486424336504772,84,3.942999839782715
poly-field-14,cinematic,2017,Runge_Kutta,51,8.18940132137941,185,6.924000024795532
poly-field-14,cinematic,2017 penetration,Runge_Kutta,51,6.486427837416126,167,6.450999975204468
poly-field-14,cinematic,2023,Runge_Kutta,51,6.5446160743991335,557,25.38100004196167
poly-field-14,dynamic,2012,Runge_Kutta,51,3.367335497674246,280,14.200000047683716
poly-field-14,dynamic,2017,Runge_Kutta,51,3.3390985937267397,190,7.694000005722046
poly-field-14,dynamic,2017 penetration,Runge_Kutta,51,4.642373923511116,189,7.0329999923706055
poly-field-14,dynamic,2023,Runge_Kutta,51,3.4019968993673264,281,13.531000137329102
poly-field-14,cinematic,2012,Crank_Nicolson,51,6.4908219120052015,143,6.607000112533569
poly-field-14,cinematic,2017,Crank_Nicolson,51,8.607475916314208,170,5.291000127792358
poly-field-14,cinematic,2017 penetration,Crank_Nicolson,51,8.408726134366571,253,7.872999906539917
poly-field-14,cinematic,2023,Crank_Nicolson,51,6.549794983905881,455,23.43500018119812
poly-field-14,dynamic,2012,Crank_Nicolson,51,4.635878311782294,415,23.831000089645386
poly-field-14,dynamic,2017,Crank_Nicolson,51,3.9523925104627766,131,4.327000141143799
poly-field-14,dynamic,2017 penetration,Crank_Nicolson,51,4.64978845402655,321,10.141000032424927
poly-field-14,dynamic,2023,Crank_Nicolson,51,3.4032402410116127,66,2.9169998168945312
poly-field-14,cinematic,2012,RadauIIA-2,51,6.675771520907783,1000,44.25200009346008
poly-field-14,cinematic,2017,RadauIIA-2,51,9.307090828920334,138,4.184000015258789
poly-field-14,cinematic,2017 penetration,RadauIIA-2,51,8.412962807665426,229,7.023999929428101
poly-field-14,cinematic,2023,RadauIIA-2,51,6.54757435393651,96,4.16100001335144
poly-field-14,dynamic,2012,RadauIIA-2,51,3.3681063548819092,348,16.312999963760376
poly-field-14,dynamic,2017,RadauIIA-2,51,3.338849089349693,169,5.571000099182129
poly-field-14,dynamic,2017 penetration,RadauIIA-2,51,3.9439781353201813,471,15.057000160217285
poly-field-14,dynamic,2023,RadauIIA-2,51,3.4030586624707424,482,21.34599995613098
poly-field-14,cinematic,2012,implicit_Euler,101,9.795528657688132,1000,92.35699987411499
poly-field-14,cinematic,2017,implicit_Euler,101,6.451686741431303,254,15.003999948501587
poly-field-14,cinematic,2017 penetration,implicit_Euler,101,6.413370486248002,507,30.496000051498413
poly-field-14,cinematic,2023,implicit_Euler,101,6.470457465175719,89,8.765000104904175
poly-field-14,dynamic,2012,implicit_Euler,101,3.3883984083267786,320,30.7739999294281
poly-field-14,dynamic,2017,implicit_Euler,101,4.178634413985205,254,16.14199995994568
poly-field-14,dynamic,2017 penetration,implicit_Euler,101,3.388403745704211,392,24.051999807357788
poly-field-14,dynamic,2023,implicit_Euler,101,3.4235923454117048,382,32.00500011444092
poly-field-14,cinematic,2012,Runge_Kutta,101,6.913780748594634,262,27.09500002861023
poly-field-14,cinematic,2017,Runge_Kutta,101,6.451203865837907,376,29.997999906539917
poly-field-14,cinematic,2017 penetration,Runge_Kutta,101,6.412464674634444,610,42.48300004005432
poly-field-14,cinematic,2023,Runge_Kutta,101,9.239902796759,1000,95.86199998855591
poly-field-14,dynamic,2012,Runge_Kutta,101,1339.2319816437323,1000,148.16799998283386
poly-field-14,dynamic,2017,Runge_Kutta,101,3.357828886526619,289,22.43999981880188
poly-field-14,dynamic,2017 penetration,Runge_Kutta,101,4.666164060704887,273,26.02900004386902
poly-field-14,dynamic,2023,Runge_Kutta,101,3.423398937461665,59,20.70899987220764
poly-field-14,cinematic,2012,Crank_Nicolson,101,6.641512927580318,1000,94.40499997138977
poly-field-14,cinematic,2017,Crank_Nicolson,101,6.451686741431304,323,24.294000148773193
poly-field-14,cinematic,2017 penetration,Crank_Nicolson,101,6.975682793187755,467,29.443000078201294
poly-field-14,cinematic,2023,Crank_Nicolson,101,6.470457465175719,111,9.901000022888184
poly-field-14,dynamic,2012,Crank_Nicolson,101,2885.0137361250845,1000,139.56100010871887
poly-field-14,dynamic,2017,Crank_Nicolson,101,3.357478119920519,428,29.71500015258789
poly-field-14,dynamic,2017 penetration,Crank_Nicolson,101,4.144195224570428,576,39.58399987220764
poly-field-14,dynamic,2023,Crank_Nicolson,101,3.4235923454117043,682,60.52900004386902
poly-field-14,cinematic,2012,RadauIIA-2,101,9340.161335285758,1000,181.57500004768372
poly-field-14,cinematic,2017,RadauIIA-2,101,6.451450750442881,222,13.875
poly-field-14,cinematic,2017 penetration,RadauIIA-2,101,7.03598289036576,595,38.7279999256134
poly-field-14,cinematic,2023,RadauIIA-2,101,6.911639648597469,269,29.096999883651733
poly-field-14,dynamic,2012,RadauIIA-2,101,369.2333704318226,1000,136.34500002861023
poly-field-14,dynamic,2017,RadauIIA-2,101,3.357616228542847,351,24.031999826431274
poly-field-14,dynamic,2017 penetration,RadauIIA-2,101,3.4875555225964923,1000,56.88499999046326
poly-field-14,dynamic,2023,RadauIIA-2,101,3.606603903974881,1000,93.54200005531311
